image,cohort,group,site,date,plume_reference_pixels,old_precision,old_recall,old_f1,old_iou,new_precision,new_recall,new_f1,new_iou,f1_change
P1-01_20190812T222541_20190812T222624_T60GUV_cvat_v1.png,original,group_01,Hutt / Wellington Harbour,20190812,1076,0.9962928637627433,0.9990706319702602,0.9976798143851509,0.9953703703703703,0.5070688030160226,1.0,0.6729205753595998,0.5070688030160226,-0.32475923902555104
P1-03_20200712T222549_20200712T222545_T60GUV_cvat_v1.png,original,group_01,Hutt / Wellington Harbour,20200712,823,0.35051107325383307,1.0,0.5190791548407443,0.35051107325383307,0.32299843014128726,1.0,0.4882824087807772,0.32299843014128726,-0.030796746059967073
P1-04_20210722T222551_20210722T222547_T60GUV_cvat_v1.png,original,group_01,Hutt / Wellington Harbour,20210722,3650,0.9969705315340127,0.9917808219178083,0.9943689053701416,0.9888008740781208,0.9136329399949786,0.996986301369863,0.9534914188392507,0.9111166750125188,-0.04087748653089085
P1-05_20191003T221559_20191003T221601_T60GUA_cvat_v1.png,original,group_02,Whanganui mouth,20191003,6194,0.9990322580645161,1.0,0.9995158947878006,0.9990322580645161,0.9977437550362611,0.9995156603164352,0.9986289216872328,0.9972615979381443,-0.0008869731005677339
P1-06_20191003T221559_20191003T221601_T60GUA_cvat_v1.png,original,group_02,Rangitīkei mouth,20191003,4404,0.8358241282217891,0.8762488646684832,0.8555592506374016,0.7475784579620303,0.7262053015477673,0.9268846503178928,0.8143640897755611,0.6868584889786303,-0.041195160861840496
P1-07_20191003T221559_20191003T221601_T60GUA_cvat_v1.png,original,group_02,Manawatū mouth,20191003,5165,0.9995159728944821,0.7996127783155856,0.888458642572873,0.7993032707567254,0.9611041405269761,0.8898354307841239,0.9240977179048959,0.8589048775929733,0.03563907533202293
P2-01_20210602T222551_20210602T222545_T59GPN_cvat_v1.png,original,group_03,Waiau Uwha mouth,20210602,6821,0.999259807549963,0.9895909690661193,0.9944018856806128,0.9888661002050981,0.9980638915779284,0.9069051458730392,0.9503034027191029,0.9053124542660618,-0.04409848296150998
P2-02_20210428T222539_20210428T222539_T59GPN_cvat_v1.png,original,group_03,Waiau Uwha mouth,20210428,6145,1.0,0.513100081366965,0.6782103678210368,0.513100081366965,0.9986187845303868,0.235313262815297,0.3808771236665349,0.23523670082967302,-0.2973332441545019
P2-03_20210602T222551_20210602T222545_T59GPN_cvat_v1.png,original,group_03,Hurunui mouth,20210602,7572,1.0,0.9900950871632329,0.9950228946844516,0.9900950871632329,1.0,0.7838087691494982,0.8788035833271637,0.7838087691494982,-0.11621931135728791
P2-04_20210428T222539_20210428T222539_T59GPN_cvat_v1.png,original,group_03,Hurunui mouth,20210428,6111,1.0,0.45295369006709213,0.6234936366707963,0.45295369006709213,1.0,0.23056782850597285,0.3747340425531915,0.23056782850597285,-0.2487595941176048
P2-05_20210602T222551_20210602T222545_T59GPM_cvat_v1.png,original,group_03,Waimakariri / Pegasus Bay,20210602,5986,0.997168082625354,1.0,0.9985820335307365,0.997168082625354,0.9939536446086664,0.9886401603742064,0.9912897822445561,0.9827299900365327,-0.0072922512861803845
P2-05_20210602T222551_20210602T222545_T59GPN_cvat_v1.png,original,group_03,Waimakariri / Pegasus Bay,20210602,6378,0.9984345648090169,1.0,0.9992166692777691,0.9984345648090169,0.9964045646396749,0.9993728441517717,0.9978864970645793,0.9957819090767067,-0.001330172213189762
P2-06_20210428T222539_20210428T222539_T59GPM-T59GPN_mosaic_cvat_v1.png,original,group_03,Waimakariri / Pegasus Bay,20210428,4261,0.9981090450677592,0.7432527575686458,0.8520312079634114,0.7422076400281228,0.9909963985594238,0.38746773057967615,0.5571115235363591,0.3861085126286249,-0.2949196844270523
Waimakariri_20220826_cvat.png,new,group_03,Waimakariri / Pegasus Bay,20220826,4834,0.9981158737635422,0.8767066611501861,0.9334801762114536,0.8752581577860389,0.9918755803156918,0.8839470417873396,0.9348063880988843,0.8775929348942288,0.0013262118874306505
P3-02_20230219T221601_20230219T221601_T60HWB_cvat_v1.png,original,group_04,Mohaka mouth,20230219,4766,1.0,0.9670583298363408,0.9832533333333334,0.9670583298363408,1.0,0.9995803608896349,0.9997901364113325,0.9995803608896349,0.016536803077999096
P3-03_20230219T221601_20230219T221601_T60HWB_cvat_v1.png,original,group_04,Wairoa mouth,20230219,5405,0.9966061090037932,0.9235892691951897,0.9587094296139812,0.9206934710438952,0.9261929282526605,0.9983348751156337,0.9609117620870805,0.924764353041988,0.002202332473099311
P3-04_20230219T221601_20230219T221601_T60HWB_cvat_v1.png,original,group_04,Nūhaka mouth,20230219,2555,0.9987046632124352,0.30176125244618396,0.46348061316501354,0.30164319248826293,0.9829683698296837,0.9487279843444227,0.9655447122087234,0.9333846746245668,0.5020640990437099
P3-05_20230219T221601_20230219T221601_T60HWC_cvat_v1.png,original,group_04,Waipaoa / Tūranganui-a-Kiwa,20230219,5221,0.9980765531833045,0.9938709059567132,0.9959692898272553,0.991970942458421,0.9978817639129598,0.9925301666347442,0.9951987708853466,0.9904434250764526,-0.0007705189419087155
P3-05_20230221T220619_20230221T220620_T60HWC_cvat_v1.png,original,group_04,Waipaoa / Tūranganui-a-Kiwa,20230221,2424,0.994053064958829,0.8964521452145214,0.9427331887201736,0.8916700861715223,0.9222585924713584,0.9298679867986799,0.9260476581758422,0.8622800306044377,-0.016685530544331417
P3-05_20230224T221609_20230224T221604_T60HWC_cvat_v1.png,original,group_04,Waipaoa / Tūranganui-a-Kiwa,20230224,7099,0.9998518957345972,0.950979011128328,0.9748032633022887,0.9508450704225352,0.9730695245946689,0.9976052965206367,0.9851846699589623,0.9708019191226868,0.01038140665667353
P3-06_20230221T220619_20230221T220620_T60HXC_cvat_v1.png,original,group_04,Uawa / Tolaga Bay,20230221,626,0.9030390738060782,0.9968051118210862,0.9476082004555808,0.9004329004329005,0.8226744186046512,0.9041533546325878,0.8614916286149162,0.7566844919786097,-0.08611657184066457
P3-07_20230221T220619_20230221T220620_T60HXD_cvat_v1.png,original,group_04,Waiapu mouth,20230221,5954,0.9998086856705567,0.8777292576419214,0.9348001073249262,0.8775818639798488,0.9929824561403509,0.8080282163251595,0.8910084267061764,0.8034402137608551,-0.04379168061874983
Isonzo_20231104_S2_SR_L2A_12band_Float32_cvat.png,new,group_05,Isonzo,20231104,7414,0.6758261822165419,0.9985163204747775,0.8060757839721253,0.6751481988144095,0.6738912667334487,0.9981116806042623,0.8045664582767057,0.6730331969076853,-0.0015093256954196166
Isonzo_20231022_S2_SR_L2A_12band_Float32_cvat.png,new,group_05,Isonzo,20231022,11533,0.9538066014264389,0.9972253533339114,0.9750328515111695,0.9512820512820512,0.94816771211621,0.9960981531258128,0.971542137088249,0.9446591563193816,-0.0034907144229204823
Italy_Arno_20200226_S2_L2A_12band_cvat.png,new,group_06,Arno,20200226,10487,0.955158585490339,0.9993325069133212,0.9767463535113472,0.9545495946807542,0.9557481751824818,0.9988557261371221,0.9768265957942837,0.9547028800583303,8.024228293646019e-05
Italy_Arno_20200228_S2_L2A_12band_cvat.png,new,group_06,Arno,20200228,10801,0.9999074245510091,1.0,0.999953710132852,0.9999074245510091,0.9999074245510091,1.0,0.999953710132852,0.9999074245510091,0.0
Italy_Arno_20200304_S2_L2A_12band_cvat.png,new,group_06,Arno,20200304,10011,0.9662162162162162,0.9999001098791329,0.982769623484365,0.9661229611041405,0.9660297239915074,0.9999001098791329,0.9826731458302655,0.9659365048731062,-9.64776540994805e-05
Italy_Arno_20210126_S2_L2A_12band_cvat.png,new,group_06,Arno,20210126,10219,0.997656936444401,1.0,0.9988270941256964,0.997656936444401,0.9975595470519328,1.0,0.9987782827542393,0.9975595470519328,-4.8811371457069264e-05
France_Var_20200928_S2_L2A_12band_cvat.png,new,group_07,Var,20200928,0,0.0,0.0,0.0,0.0,0.0,0.0,0.0,0.0,0.0
France_Var_20201003_S2_L2A_12band_cvat.png,new,group_07,Var,20201003,7074,0.9992044550517104,0.8877579869946283,0.9401901339920653,0.8871309506992513,0.9998298451590948,0.8306474413344642,0.9074202764265307,0.830530035335689,-0.03276985756553463
Greece_Pineios_20230831_S2_L2A_12band_cvat.png,new,group_08,Pineios,20230831,0,0.0,0.0,0.0,0.0,0.0,0.0,0.0,0.0,0.0
Greece_Pineios_20230910_S2_L2A_12band_cvat.png,new,group_08,Pineios,20230910,4977,0.9995926680244399,0.9861362266425557,0.9928188530393446,0.9857401084555132,0.9997969130787977,0.9891500904159132,0.9944450055549945,0.9889513860988349,0.0016261525156499035
AU_BurdekinRiver_20250218_x0_y0_cvat.png,new,group_09,Burdekin,20250218,10100,0.9969739761952794,0.9786138613861386,0.9877086039772159,0.975715695952616,0.9922955353615172,0.9946534653465346,0.9934731012658227,0.9870308508547848,0.005764497288606729
AU_BurdekinRiver_20250218_x1736_y0_cvat.png,new,group_09,Burdekin,20250218,11155,1.0,0.08614970865082923,0.15863321228128097,0.08614970865082923,1.0,0.6235768713581353,0.7681519518524653,0.6235768713581353,0.6095187395711843
AU_BurdekinRiver_20250228_x0_y0_cvat.png,new,group_09,Burdekin,20250228,11078,0.9945183321351546,0.9990070409821268,0.9967576330721426,0.9935362240775654,0.9941436165420308,0.9960281639285069,0.9950849979708707,0.9902180741272548,-0.0016726351012719132
AU_BurdekinRiver_20250228_x1736_y0_cvat.png,new,group_09,Burdekin,20250228,8251,0.9993824873409904,0.9807296085322991,0.9899681918277465,0.9801356589147286,0.9984639016897081,0.9453399587928736,0.9711759945215713,0.9439670821735447,-0.018792197306175207
AU_Tully_20250216_cvat.png,new,group_09,Tully,20250216,5099,1.0,0.0641302216120808,0.12053077773682272,0.0641302216120808,1.0,0.10884487154343989,0.1963211885390874,0.10884487154343989,0.07579041080226467
Burdekin_UNMASKED_20190210T002051_20190210T002051_T55KEU_x2106_y3889_cvat.png,new,group_09,Burdekin,20190210,4515,0.9459687631912199,0.9926910299003322,0.9687668864152167,0.9394256969188849,0.9196410361003468,0.998671096345515,0.9575281376088343,0.9185170095742514,-0.011238748806382426
Burdekin_UNMASKED_20190210T002051_20190210T002051_T55KEU_x4212_y0_cvat.png,new,group_09,Burdekin,20190210,7216,1.0,0.9959811529933481,0.9979865305839061,0.9959811529933481,1.0,0.9975055432372506,0.9987512140974053,0.9975055432372506,0.0007646835134992314
Burdekin_UNMASKED_20190210T002051_20190210T002051_T55KEU_x4212_y3889_cvat.png,new,group_09,Burdekin,20190210,12408,0.9998385534388118,0.99822695035461,0.9990321019519278,0.9980660757453667,0.9931144915932746,0.9996776273372018,0.9963852518274561,0.9927965423403233,-0.0026468501244717446
AU_Murray_20230101_x0_y0_cvat.png,new,group_10,Murray,20230101,6085,0.9998349290194783,0.9953985209531635,0.9976117928024376,0.9952349654945777,1.0,0.9998356614626129,0.9999178239789629,0.9998356614626129,0.0023060311765252806
AU_TweedHeads_20220301_cvat.png,new,group_11,Tweed,20220301,11343,0.9998903268260584,0.8037556202062947,0.8911587898929672,0.8036847672778561,0.9997730882686635,0.776866790090805,0.8743364587984322,0.7767298369325694,-0.016822331094534904
Nelson_Maitai_20220822_cvat.png,new,group_12,Maitai,20220822,7555,1.0,0.9921906022501654,0.9960799946847385,0.9921906022501654,1.0,0.9958967571144937,0.9979441607533656,0.9958967571144937,0.001864166068627049
Nelson_Wakapuaka_20220831_cvat.png,new,group_12,Wakapuaka,20220831,9228,1.0,0.2444733420026008,0.3928944618599791,0.2444733420026008,0.998324958123953,0.19375812743823148,0.32453035665668395,0.19369515762105946,-0.06836410520329517
Hawkesbury_Broken_Bay_UNMASKED_20220410T235239_20220410T235241_T56HLH_x0_y1546_cvat.png,new,group_13,Hawkesbury,20220410,6983,0.9991300565463245,0.9868251467850494,0.9929394812680115,0.9859779653741594,0.9989806320081549,0.9823857940713161,0.9906137184115523,0.9814020028612304,-0.002325762856459135
Hawkesbury_Broken_Bay_UNMASKED_20220410T235239_20220410T235241_T56HLH_x0_y3093_cvat.png,new,group_13,Hawkesbury,20220410,8410,0.9997744191292578,0.5269916765755054,0.690181421786187,0.5269290215194389,0.999786734911495,0.5574316290130796,0.7157798305214138,0.5573653548924028,0.025598408735226785
Hawkesbury_Broken_Bay_UNMASKED_20220410T235239_20220410T235241_T56HLH_x0_y4639_cvat.png,new,group_13,Hawkesbury,20220410,1648,1.0,0.0625,0.11764705882352941,0.0625,0.93,0.05643203883495146,0.10640732265446225,0.056193353474320244,-0.011239736169067163
Hunter_Newcastle_UNMASKED_20220410T235239_20220410T235241_T56HLJ_x0_y0_cvat.png,new,group_13,Hunter,20220410,1022,0.9967602591792657,0.9031311154598826,0.9476386036960984,0.9004878048780488,0.9955654101995566,0.8786692759295499,0.9334719334719335,0.8752436647173489,-0.014166670224164957
Hunter_Newcastle_UNMASKED_20220410T235239_20220410T235241_T56HLJ_x0_y3077_cvat.png,new,group_13,Hunter,20220410,7307,0.960328317373461,0.09607225947721364,0.17467031599900476,0.09569247546346783,0.9650112866817155,0.11701108526070891,0.20871475649945076,0.11651676206050696,0.034044440500446
